{
  "run_id": "20260201_145338",
  "name": "PALSGP",
  "fit_s": 7.380377000023145,
  "pred_ms": 29.782965000049444,
  "batch_size": 256,
  "seed_models": 0,
  "X0_N": 596,
  "Y0_N": 596,
  "horizon": 40
}