{
  "run_id": "20260201_145338",
  "name": "ExactGP",
  "fit_s": 3.6814249000162818,
  "pred_ms": 79.98213350001606,
  "batch_size": 256,
  "seed_models": 0,
  "X0_N": 596,
  "Y0_N": 596,
  "horizon": 40
}