{
  "run_id": "20260201_160015",
  "name": "SVGP",
  "fit_s": 8.000131299981149,
  "pred_ms": 48.22480299990275,
  "batch_size": 256,
  "seed_models": 0,
  "X0_N": 596,
  "Y0_N": 596,
  "horizon": 40
}