{
  "run_id": "20260201_133741",
  "name": "ExactGP",
  "fit_s": 3.437470500008203,
  "pred_ms": 68.15453400005936,
  "batch_size": 256,
  "seed_models": 0,
  "X0_N": 596,
  "Y0_N": 596,
  "horizon": 40
}