{
  "name": "ExactGP",
  "n_data": 512,
  "n_inducing": null,
  "fit_calls": 1,
  "update_calls": 0,
  "predict_calls": 210,
  "fit_ms": 3437.4370999867097,
  "update_ms": 0.0,
  "predict_ms": 14311.457799718482
}