{
  "run_id": "20260201_125814",
  "name": "SVGP",
  "fit_s": 7.686412400013069,
  "pred_ms": 45.89393999995082,
  "batch_size": 256,
  "seed_models": 0,
  "X0_N": 596,
  "Y0_N": 596,
  "horizon": 40
}