{
  "run_id": "20260201_145338",
  "name": "SVGP",
  "fit_s": 9.668486100010341,
  "pred_ms": 53.31074999994598,
  "batch_size": 256,
  "seed_models": 0,
  "X0_N": 596,
  "Y0_N": 596,
  "horizon": 40
}