{
  "run_id": "20260201_133741",
  "name": "SSGP",
  "fit_s": 6.4633541999792214,
  "pred_ms": 17.668185500078835,
  "batch_size": 256,
  "seed_models": 0,
  "X0_N": 596,
  "Y0_N": 596,
  "horizon": 40
}