{
  "run_id": "20260201_125814",
  "name": "SSGP",
  "fit_s": 6.229516500025056,
  "pred_ms": 17.108017499995185,
  "batch_size": 256,
  "seed_models": 0,
  "X0_N": 596,
  "Y0_N": 596,
  "horizon": 40
}