{
  "run_id": "20260201_133741",
  "name": "SVGP",
  "fit_s": 7.84738289998495,
  "pred_ms": 47.006469999905676,
  "batch_size": 256,
  "seed_models": 0,
  "X0_N": 596,
  "Y0_N": 596,
  "horizon": 40
}