{
  "run_id": "20260201_162730",
  "name": "ExactGP",
  "fit_s": 5.228548699989915,
  "pred_ms": 66.96909549995326,
  "batch_size": 256,
  "seed_models": 0,
  "X0_N": 596,
  "Y0_N": 596,
  "horizon": 40
}