{
  "run_id": "20260201_162730",
  "name": "SSGP",
  "fit_s": 7.676032400020631,
  "pred_ms": 20.942901000089478,
  "batch_size": 256,
  "seed_models": 0,
  "X0_N": 596,
  "Y0_N": 596,
  "horizon": 40
}