{
  "run_id": "20260201_162730",
  "name": "PALSGP",
  "fit_s": 7.242219999985537,
  "pred_ms": 28.31600299992715,
  "batch_size": 256,
  "seed_models": 0,
  "X0_N": 596,
  "Y0_N": 596,
  "horizon": 40
}