{
  "run_id": "20260201_142242",
  "name": "ExactGP",
  "fit_s": 4.850513000012143,
  "pred_ms": 94.88115750005818,
  "batch_size": 256,
  "seed_models": 0,
  "X0_N": 596,
  "Y0_N": 596,
  "horizon": 40
}