{
  "run_id": "20260201_142242",
  "name": "SSGP",
  "fit_s": 9.49275839998154,
  "pred_ms": 26.46476050009369,
  "batch_size": 256,
  "seed_models": 0,
  "X0_N": 596,
  "Y0_N": 596,
  "horizon": 40
}