{
  "run_id": "20260201_160015",
  "name": "PALSGP",
  "fit_s": 6.1115998000022955,
  "pred_ms": 25.018755499913823,
  "batch_size": 256,
  "seed_models": 0,
  "X0_N": 596,
  "Y0_N": 596,
  "horizon": 40
}