{
  "run_id": "20260201_133741",
  "name": "PALSGP",
  "fit_s": 5.945565599977272,
  "pred_ms": 23.81222299998626,
  "batch_size": 256,
  "seed_models": 0,
  "X0_N": 596,
  "Y0_N": 596,
  "horizon": 40
}