{
  "run_id": "20260201_162730",
  "name": "SVGP",
  "fit_s": 5.388395699992543,
  "pred_ms": 53.218350499955704,
  "batch_size": 256,
  "seed_models": 0,
  "X0_N": 596,
  "Y0_N": 596,
  "horizon": 40
}