{
  "run_id": "20260201_160015",
  "name": "ExactGP",
  "fit_s": 3.5855930999969132,
  "pred_ms": 71.47374899999704,
  "batch_size": 256,
  "seed_models": 0,
  "X0_N": 596,
  "Y0_N": 596,
  "horizon": 40
}