{
  "name": "ExactGP",
  "n_data": 512,
  "n_inducing": null,
  "fit_calls": 1,
  "update_calls": 0,
  "predict_calls": 210,
  "fit_ms": 3585.5512999987695,
  "update_ms": 0.0,
  "predict_ms": 15001.680299756117
}