{
  "run_id": "20260201_160015",
  "name": "SSGP",
  "fit_s": 6.934699300007196,
  "pred_ms": 17.925589500082424,
  "batch_size": 256,
  "seed_models": 0,
  "X0_N": 596,
  "Y0_N": 596,
  "horizon": 40
}