{
  "run_id": "20260201_142242",
  "name": "SVGP",
  "fit_s": 12.024353300017538,
  "pred_ms": 67.41625100010424,
  "batch_size": 256,
  "seed_models": 0,
  "X0_N": 596,
  "Y0_N": 596,
  "horizon": 40
}