{
  "obs_bins": [
    20,
    15,
    15,
    9
  ],
  "obs_ranges": [
    [
      -1,
      1
    ],
    [
      -3.141592653589793,
      3.141592653589793
    ],
    [
      -1.5707963267948966,
      1.5707963267948966
    ],
    [
      -1,
      1
    ]
  ],
  "n_actions": 9
}