{
  "run_id": "20260201_125814",
  "name": "PALSGP",
  "fit_s": 5.795659700001124,
  "pred_ms": 22.246392000088235,
  "batch_size": 256,
  "seed_models": 0,
  "X0_N": 596,
  "Y0_N": 596,
  "horizon": 40
}