{
  "run_id": "20260201_125444",
  "name": "ExactGP",
  "fit_s": 3.6444454999873415,
  "pred_ms": 69.8983109999972,
  "batch_size": 256,
  "seed_models": 0,
  "X0_N": 596,
  "Y0_N": 596,
  "horizon": 40
}