{
  "run_id": "20260201_145338",
  "name": "SSGP",
  "fit_s": 7.410570900014136,
  "pred_ms": 23.06028699997114,
  "batch_size": 256,
  "seed_models": 0,
  "X0_N": 596,
  "Y0_N": 596,
  "horizon": 40
}