{
  "run_id": "20260201_125814",
  "name": "ExactGP",
  "fit_s": 3.6255911999905948,
  "pred_ms": 72.71010500000557,
  "batch_size": 256,
  "seed_models": 0,
  "X0_N": 596,
  "Y0_N": 596,
  "horizon": 40
}