{
  "name": "ExactGP",
  "n_data": 512,
  "n_inducing": null,
  "fit_calls": 1,
  "update_calls": 0,
  "predict_calls": 210,
  "fit_ms": 3625.5515000084415,
  "update_ms": 0.0,
  "predict_ms": 15257.585700164782
}